City,Orders
New York,146
Los Angeles,95
Brooklyn,92
Rensselaer,85
Chicago,76
Houston,71
Washington,67
Las Vegas,61
Dallas,55
Austin,51
San Francisco,49
Philadelphia,49
Tucson,48
Jersey City,46
San Antonio,46
Virginia Beach,45
San Jose,44
Alexandria,40
San Diego,40
Boynton Beach,40
Denver,40
Staten Island,39
Lexington,38
Cypress,38
Pittsburgh,38
Salem,36
Seattle,35
Springfield,35
Auburn,34
Naples,34
Northfield,33
Newport Beach,33
Greenfield,32
Cincinnati,31
Mclean,30
Fort Worth,30
Lakewood,30
Redlands,29
Englewood,29
Baltimore,29
Atlanta,29
Wilmington,28
Rochester,27
Phoenix,26
Westminster,26
Tampa,26
Oklahoma City,26
Pasadena,26
Highlands Ranch,25
Portland,25
Monroe Township,25
Albany,25
Northbrook,25
Visalia,25
Jacksonville,24
Delray Beach,24
White Plains,24
Lebanon,24
Arlington,23
Charlotte,23
Farmington Hills,23
Hudson,23
Fairfield,23
Ashburn,23
Bronx,23
Minneapolis,23
Glen Burnie,23
Columbus,22
Great Neck,22
Los Alamitos,22
Canton,21
Glendale,21
Mineola,21
Lovettsville,21
Clayton,21
Carlsbad,20
Fort Lee,20
Madisonville,20
Scottsdale,20
Lawrenceville,19
Dunwoody,19
Framingham,19
Huntsville,19
Vancouver,19
Omaha,19
Inverness,18
Webster Springs,18
Raleigh,18
Lincoln,18
Odessa,18
Katy,18
Boerne,18
Willow Grove,18
Cumming,18
Bellevue,18
Downers Grove,18
Leesburg,18
Chandler,18
Orlando,18
Severna Park,18
Ponte Vedra Beach,17
Warren,17
Flushing,17
Fort Wayne,17
Honolulu,17
Silver Spring,17
Santa Clarita,17
Columbia,17
Boston,17
Malvern,17
Fairfax,17
Gloucester,16
Livingston,16
Galax,16
Newton,16
Gainesville,16
Greenville,16
Issaquah,16
Plano,16
Plainview,16
Fayetteville,16
Commack,16
Santa Clara,16
Huntersville,16
Henderson,16
Commerce Township,16
Ashland,15
Seminole,15
Beaumont,15
Groton,15
Indianapolis,15
Oakhurst,15
Bogota,15
Bridge City,15
Bordentown,15
Pottstown,15
Highland,15
Potomac,15
Tavares,14
Billings,14
Kalispell,14
Miami,14
Oak Lawn,14
Louisville,14
Mcdade,14
Brighton,14
Roswell,14
Brainerd,14
Centennial,14
Chula Vista,14
Albuquerque,14
Spokane,14
Valley Village,14
Durham,14
Newburg,14
Madison,14
Newark,14
Myrtle Beach,14
Downingtown,14
Salt Lake City,13
Rome,13
Troy,13
Littleton,13
Howell,13
Placentia,13
Venice,13
Fisherville,13
Bloomington,13
Irvine,13
Belmont,13
Redmond,12
Fresno,12
Missouri City,12
Gillette,12
West Hempstead,12
Alameda,12
Ocala,12
Wheeling,12
Oakland,12
Sacramento,12
Pine Grove,12
Saint Louis,12
Union,12
Reading,12
Mesa,12
Rancho Murieta,12
Mercer Island,12
Havre De Grace,12
Melbourne,11
Cornelius,11
Mohegan Lake,11
Medford,11
Schenectady,11
Memphis,11
Clermont,11
Shelton,11
Edmonds,11
Merrick,11
East Northport,11
Milford,11
Dover,11
Chesapeake,11
Glen Cove,11
Apo,11
Hurricane,11
Winchester,11
Stafford,11
Lansing,11
Ambler,11
Attleboro,11
Palm Beach Gardens,11
Bowling Green,11
Powell,11
Bradenton,11
Huntington Woods,11
Round Rock,11
Lake Oswego,11
Winston Salem,11
Bakersfield,11
Wood Dale,10
El Dorado,10
Boca Raton,10
Forest Hills,10
El Dorado Hills,10
Long Beach,10
Lawrence,10
Greensboro,10
Huntington Beach,10
Hampshire,10
Scotch Plains,10
Palm Harbor,10
Concord,10
Coronado,10
La Porte,10
Rochester Hills,10
Orchard Park,10
Covington,10
Tulsa,10
Bedford,10
Pikesville,10
Napa,10
Aurora,10
Camdenton,10
Colorado Springs,10
Lynnwood,10
Willowbrook,10
Culver City,10
Lake Forest,10
Mansfield,10
Roslindale,10
Wahiawa,10
Sherman Oaks,10
Fredonia,10
Franklin,10
Antioch,10
Jackson,10
Georgetown,10
Depew,10
Camarillo,10
Centreville,10
Saint Paul,9
Waterford,9
Everett,9
Woodstock,9
Ramsey,9
Wayne,9
Noblesville,9
Gaithersburg,9
West Palm Beach,9
Spring Valley,9
Kissimmee,9
Nashville,9
Anchorage,9
Monroe,9
Beverly Hills,9
Falls Church,9
Corpus Christi,9
Cleveland,9
Clovis,9
Mequon,9
San Carlos,9
Bristol,9
St. Augustine,9
Middletown,9
Grayson,9
San Juan Capistrano,9
Millersville,9
Gray,9
Las Cruces,9
Hamilton,9
Merrillville,9
Ossining,9
Snohomish,9
Meridian,9
Marietta,9
El Paso,9
Panama City,9
Fremont,9
Osterville,8
Jackson Center,8
Jenks,8
Schaumburg,8
Athens,8
Elk Grove Village,8
Easton,8
Lyndhurst,8
Winter Park,8
Eugene,8
Richmond,8
Uniontown,8
New Hyde Park,8
Macungie,8
Davie,8
Woodbury,8
Verona,8
Daly City,8
University Place,8
Winter Harbor,8
Enumclaw,8
Pembroke Pines,8
Upland,8
East Palatka,8
Dix Hills,8
Newport,8
Tullahoma,8
Phillipsburg,8
Mercersburg,8
Forest City,8
Cheney,8
Smithtown,8
Fair Lawn,8
Teaneck,8
West Covina,8
Great Falls,8
Grass Valley,8
Fredericksburg,8
Freehold,8
Little Chute,8
Milton,8
Buena Park,8
Buffalo,8
Simpsonville,8
Lindenhurst,8
Puyallup,8
San Mateo,8
Gilford,8
Palm Springs,8
Plantation,8
Fishers,8
Sun City,8
Waterville,8
Orange,8
Santa Rosa,8
New Albany,8
Somerset,8
Naperville,8
Solomons,8
Sunset Beach,8
Medina,8
Lansdowne,8
Hendersonville,8
Leland,7
Kent,7
Toledo,7
Olympia,7
Grand Junction,7
Du Quoin,7
Garnet Valley,7
Germantown,7
Liberty Twp,7
Tenino,7
Huntington,7
Ogden,7
Reeseville,7
Guyton,7
Valley Glen,7
Smyrna,7
Redding,7
Syosset,7
Lawndale,7
Shelbyville,7
Taylorsville,7
Edgewood,7
Peabody,7
Sunnyvale,7
Eatonville,7
Sunnyside,7
Havertown,7
Grand Rapids,7
Rockwall,7
Kalamazoo,7
West Plains,7
Scarborough,7
Queens,7
Port Saint Lucie,7
Burlingame,7
Amesbury,7
Crystal Lake,7
Deerfield,7
Claremore,7
Charlottesville,7
Yakima,7
Newington,7
Murrieta,7
Weston,7
Cambridge,7
Natick,7
Rydal,7
Midlothian,7
Buffalo Grove,7
Porter Ranch,7
Alpharetta,7
Miramar,7
Savannah,7
Santa Barbara,7
Brandon,7
Clinton,7
Brentwood,7
Carson City,7
Pleasantville,7
Wheaton,7
Doral,7
Mount Vernon,7
Norwalk,7
Savage,7
Monroe Twp,7
West Haven,6
Centerton,6
Fraser,6
Parma,6
Frederick,6
Abingdon,6
Fort Walton Beach,6
Fountain Valley,6
Herndon,6
Sharpsburg,6
Sonora,6
Wellington,6
Mesquite,6
New Braunfels,6
Bartlett,6
Cherry Hill,6
Shawnee,6
Shelby,6
Fort Lauderdale,6
Metairie,6
Baton Rouge,6
Santa Ana,6
Charleston,6
Bay Point,6
Beaufort,6
Gallatin,6
Sun City Center,6
Burnsville,6
Mount Hermon,6
Playa Del Rey,6
Plattsburgh,6
Bremerton,6
Morrisville,6
Morgan Hill,6
Montclair,6
Blue Bell,6
Paoli,6
Palo Alto,6
Burke,6
Prospect,6
Larkspur,6
Rio Rancho,6
San Marcos,6
Winchendon,6
Mountainair,6
Westwood,6
Bloomfield,6
Ridgefield,6
Polk City,6
Liberty Township,6
Birmingham,6
Canon City,6
Shreve,6
Garden Grove,6
Hatfield,6
West Newbury,6
Fullerton,6
Bergenfield,6
Reno,6
Hillsboro,6
Aliso Viejo,6
Saugerties,6
New Rochelle,6
Devine,6
Key West,6
Macomb,6
Marysville,6
Stamford,6
Desoto,6
Encino,6
Crestview Hills,6
Marstons Mills,6
Urbandale,6
Deltona,6
Port Washington,6
Oceanside,6
Van Nuys,6
Lyons,6
Stafford Springs,6
Manteca,6
Valencia,6
Pflugerville,6
Peyton,6
Edison,6
Anaheim,6
Elgin,6
St. Louis,6
Marco Island,6
Dayton,6
Winter Haven,6
Marblehead,6
North Bend,6
North Branch,6
South San Francisco,6
Conway,6
Johnson City,6
Jericho,6
Los Altos,6
Hollywood,6
Waukee,6
Janesville,6
Waxahachie,6
Rockford,6
Rock Hill,6
Oro Valley,6
Drexel Hill,6
Hopkins,6
Riverside,6
Vernon,6
Flagstaff,6
Ventura,6
Flemington,6
La Mesa,6
Johnston,5
Irving,5
Amherst,5
Tannersville,5
Alta,5
Lawai,5
Tallahassee,5
Grosse Pointe,5
Kenmore,5
Mount Sinai,5
Tarrytown,5
Yorktown,5
Haddonfield,5
Mountain View,5
Oswego,5
Newtown Square,5
Laguna Niguel,5
Key Largo,5
Bloomingburg,5
Stoddard,5
Bayside,5
Reseda,5
Oyster Bay,5
Avalon,5
Stevenson Ranch,5
Ormond Beach,5
Azusa,5
Williamsville,5
Batavia,5
Stone Mountain,5
Holbrook,5
Hixson,5
Sugar Hill,5
Moundsville,5
North Providence,5
Astoria,5
Hazlet Township,5
Winchester01890,5
Hayward,5
Benson,5
Asheboro,5
Royal Oak,5
New Windsor,5
Hastings,5
Murrysville,5
Palm Coast,5
Reedsport,5
Solon,5
Swoope,5
Andover,5
Hanover,5
Lawrence Township,5
Lewisville,5
Bothell,5
Chesterfield,5
Edgewater,5
Deer Park,5
Pinehurst,5
San Rafael,5
San Ramon,5
Sebring,5
Oak Ridge,5
Millis,5
Centereach,5
Fountain Hills,5
Chapel Hill,5
Cumberland Foreside,5
Methuen,5
Trabuco Canyon,5
Peoria,5
Capitola,5
Lodi,5
Pensacola,5
Claremont,5
Pawleys Island,5
Enfield,5
Waynesboro,5
Scarsdale,5
Mechanicsburg,5
Cranford,5
Pickerington,5
Pembroke,5
Eureka,5
Fall River,5
Rapid City,5
San Miguel,5
Cedar City,5
Tigard,5
Earlysville,5
Rancho Cucamonga,5
Wheat Ridge,5
Buckley,5
Pueblo,5
Lenoir City,5
Derry,5
Montgomery,5
Vero Beach,5
Burlington,5
Glen Rock,5
Durant,5
Westville,5
Villanova,5
Temecula,5
Brusly,5
League City,5
Venetia,5
Paradise Valley,5
East Brunswick,5
Gladstone,5
Ridgewood,5
Westfield,5
Searsport,4
North Miami,4
Kingston,4
Rootstown,4
Sayreville,4
Sparks,4
Sartell,4
Los Gatos,4
Mason,4
Kinderhook,4
Newbury Park,4
Oakton,4
Marlboro Township,4
Maple Grove,4
Manchester,4
Marana,4
Seabrook,4
Marina Del Rey,4
Keller,4
Selbyville,4
Loveland,4
Spring Hill,4
Selma,4
Ludington,4
Roseville,4
Marlton,4
Newburgh,4
Maumee,4
South Euclid,4
Lorton,4
Lansdale,4
Mililani,4
Mills River,4
Nyack,4
Salinas,4
Milwaukee,4
Muskegon,4
Mission,4
Moab,4
Mobile,4
Nottingham,4
San Angelo,4
Snoqualmie,4
Olney,4
Lexington Park,4
Silverdale,4
Lees Summit,4
Sleepy Hollow,4
Laurel Hollow,4
San Lorenzo,4
Northport,4
Mount Joy,4
Saint Joseph,4
Orange Beach,4
Sarasota,4
Saint Johns,4
Kirksville,4
New Milford,4
Ocean Shores,4
Loomis,4
Longwood,4
Ripon,4
Long Valley,4
Southaven,4
Mckinney,4
La Habra Heights,4
Mechanicsville,4
Moseley,4
Sewell,4
Londonderry,4
Lake Dallas,4
New Castle,4
Saint Augustine,4
Locust Grove,4
Lake Havasu City,4
Lake Villa,4
Livonia,4
Gilbert,4
North Kingstown,4
Jupiter,4
Vista,4
Pelham,4
Boulder,4
Evansville,4
Evanston,4
Pleasant Valley,4
Briarcliff Manor,4
Ellicott City,4
Ellenton,4
White Bear Lake,4
Valhermoso Springs,4
Rancho Santa Fe,4
Vallonia,4
Edmond,4
Brooksville,4
Eden Prairie,4
Veneta,4
East Norriton,4
Rancho Mirage,4
Dublin,4
Dryden,4
Doylestown,4
Randolph,4
Pleasant View,4
Falmouth,4
Chattanooga,4
Belton,4
Benicia,4
Wilsonville,4
Berkeley,4
Bettendorf,4
Topeka,4
Binghamton,4
Torrance,4
Fort Myers,4
Tracy,4
Turnersville,4
Poinciana,4
Paw Paw,4
Blue Springs,4
Flora,4
Bluffton,4
Bonita,4
Bonita Springs,4
Pleasanton,4
Turlock,4
Brownsburg,4
Brunswick,4
Bellingham,4
Dewey,4
Cary,4
Commerce City,4
Pike Road,4
Castleton,4
Colorado Springsgs,4
West Henrietta,4
Waxhaw,4
Cedar Park,4
Weatherford,4
West Hartford,4
Webster,4
Centerville,4
Clifton,4
Champaign,4
Pine,4
Citrus Heights,4
Chrswick,4
Chino,4
Chillicothe,4
Chico,4
Chickamauga,4
Pinole,4
Coral Springs,4
Coram,4
Waltham,4
Brush Prairie,4
Denville,4
Buckeye,4
Delavan,4
Buskirk,4
Decatur,4
Daytona Beach,4
Westford,4
Walpole,4
Canterbury,4
Watertown,4
"Cypress, Ca",4
West Warwick,4
West Orange,4
Cranston,4
Warrenton,4
Council Bluffs,4
Cos Cob,4
Corte Madera,4
Piscataway,4
Redwood City,4
Fort Collins,4
Bel Air,4
Avondale,4
York,4
Hobe Sound,4
Yorba Linda,4
Hinsdale,4
Yarmouth Port,4
Yachats,4
Xenia,4
Wyoming,4
Worcester,4
Arnold,4
Asbury Park,4
Summerfield,4
Asheville,4
Atlantic Highlands,4
Hialeah,4
Summerville,4
Avon Lake,4
Holland,4
Holly Springs,4
Stevensville,4
Reston,4
Joliet,4
Abington,4
Johnstown,4
Jasper,4
Owens Cross Roads,4
Jamaica,4
Yuba City,4
Staatsburg,4
Stevens,4
Hyattsville,4
Hurst,4
Star,4
Hubbard,4
Hopkinton,4
Sterling,4
Sterling Heights,4
Hampton,4
Highland Charter Township,4
West Aliquippa,4
Greer,4
Golden,4
Port Charlotte,4
Port Jefferson Station,4
Granite Bay,4
Granville,4
The Villages,4
The Woodlands,4
Green Valley,4
Glenside,4
Powell Butte,4
Bayport,4
Winder,4
Tasley,4
Greenwood,4
Windermere,4
Gig Harbor,4
Glen Ellyn,4
Gresham,4
Thornton,4
Groveland,4
Beaverton,4
Winston,4
Casa Grande,3
Mukilteo,3
Minden,3
Prescott Valley,3
Roanoke,3
Chatham Township,3
Nechanucsburg,3
Aiken,3
Bloomfield Hills,3
West Allis,3
Blaine,3
Norfolk,3
Berkey,3
Ada,3
Cayce,3
Norman,3
Affton,3
Willis,3
West Bloomfield Township,3
Nokesville,3
North Branford,3
Sandy,3
Roselle,3
West Grove,3
Battle Ground,3
Broken Arrow,3
Novato,3
New Market,3
Bedminster,3
Winfield,3
Mossyrock,3
Atwater,3
Browning,3
New Orleans,3
Winter Garden,3
Sachse,3
Poughkeepsie,3
Port Orchard,3
Monument,3
Northridge,3
Moorestown,3
Whippany,3
Bacliff,3
Bala Cynwyd,3
Mount Gilead,3
Winton,3
Wixom,3
Bullhead City,3
Niskayuna,3
Alamo Heights,3
Allendale,3
Ballston Lake,3
Cape Canaveral,3
Nellysford,3
Nesbit,3
Porterville,3
Canonsburgh,3
Nesquehoning,3
Westlake,3
Newcastle,3
Monmouth,3
Boothbay,3
Purcellville,3
Carleton,3
Marshfield,3
Frenchtown,3
Hammond,3
Palmdale,3
Tamarac,3
Tarentum,3
Laurens,3
Greenacres,3
Tekoa,3
Grand Jct,3
Onset,3
Terre Haute,3
Papillion,3
Sioux City,3
The Bronx,3
Lewes,3
Gleneden Beach,3
Glendora,3
Gladwyne,3
Gibsonia,3
Thousand Oaks,3
Garland,3
Fuquay Varina,3
Tomball,3
Toms River,3
Merritt Is,3
Frackville,3
Livermore,3
Foster City,3
Lock Haven,3
Hamden,3
Hanahan,3
Fontana,3
Harrisburg,3
Overland Park,3
Jamison,3
Ithaca,3
St. Joseph,3
Hull,3
Hoquiam,3
Stratford,3
South Kingstown,3
South Glens Falls,3
La Fontaine,3
La Grange Highlands,3
Hiram,3
South Glastonbury,3
Orland Park,3
Orinda,3
Hilton,3
Suffolk,3
Highlands,3
Sugar Land,3
Highland Heights,3
Sullivan,3
Hicksville,3
Lakewood Ranch,3
Langhorne,3
Hesston,3
Haymarket,3
Sweetser,3
"Fort ,",3
Pound Ridge,3
Clifton Park,3
Weddington,3
Walhalla,3
Ripley,3
Schuylkill Haven,3
Wallace,3
Melvindale,3
Dekalb,3
Walled Lake,3
Trimble,3
Walnut Creek,3
Maricopa,3
Dandridge,3
Crystal River,3
St. Helena,3
Wantagh,3
Warminster,3
Oak Hills,3
College Station,3
Colleyville,3
Corrales,3
Coppell,3
Wauconda,3
Mcfarland,3
Cooper City,3
Mead,3
Congers,3
Diamond Bar,3
Engkewood,3
Pawtucket,3
Flag Pond,3
Clarkston,3
Longview,3
Fallon,3
Clements,3
Tustin,3
Rancho Cordova,3
Pembroje Pines,3
Fairbanks,3
Emmaus,3
Oakland Twp,3
Perris,3
Pequannock Township,3
Elmwood Park,3
Lynden,3
El Cajon,3
Elizabethtown,3
Lowgap,3
Powder Spring,2
Republic,2
Riverview,2
Queens Village,2
Richardson,2
River Vale,2
Renton,2
Reynoldsburg,2
Princevill,2
Rocklin,2
Powder Springs,2
Reedsburg,2
Ringgold,2
Raymond,2
Ringwood,2
Robbinsville,2
Rigby,2
Redondo Beach,2
Ramseur,2
Rego Park,2
Rockingham,2
Robbinsdale,2
Quakertown,2
Richwood,2
Racine,2
Rockville,2
Quincy,2
Aberdeen,2
Romeo,2
Walwoth,2
Van Alstyne,2
Vienna,2
Villa Rica,2
Vineland,2
Vineyard,2
Voorhees,2
Wakefield,2
Walnut,2
Wanaque,2
West Chester,2
Warrington,2
Washington Grove,2
Washougal,2
Watkinsville,2
Waukesha,2
Wauseon,2
Weehawken,2
Welaka,2
Valley Stream,2
Valley Center,2
Valdosta,2
Vacaville,2
Titusville,2
Tonawanda,2
Topanga,2
Townsend,2
Towson,2
Traverse City,2
Trego,2
Troutdale,2
Tryon,2
Tualatin,2
Tucker,2
Twenty Nine Palms,2
Tyngsborough,2
Tyrone,2
Unicoi,2
Union Mills,2
Upper Saddle River,2
West,2
West Hills,2
Tiburon,2
Woodinville,2
Williston,2
Wills Point,2
Wilmette,2
Windham,2
Windom,2
Windsor,2
Windsor Locks,2
Winona,2
Wyandotte,2
West Jordan,2
Yachts,2
Yardley,2
Yarnell,2
Yonkers,2
Yorktown Heights,2
Yorkville,2
Young Harris,2
Yuma,2
Willernie,2
Wilkes Barre,2
Wildwood Crest,2
Wilbraham,2
West Liberty,2
West Mifflin,2
West Seneca,2
Westborough,2
Westchester,2
Westport,2
Westtown,2
Westworth Vlg,2
Wexford,2
Weymouth,2
White Marsh,2
Whitehall,2
Whiteville,2
Whiting,2
Whitman,2
Whittier,2
Wichita,2
Tinley Park,2
Thurmont,2
Rowley,2
Sedona,2
Santa Fe,2
Santa Rosa Valley,2
Santee,2
Saratoga Springs,2
Scituate,2
Scranton,2
Sealt,2
Seaside Park,2
Senatobia,2
Shreveport,2
Setauket,2
Severn,2
Sevierville,2
Seymour,2
Shakerheights,2
Shavertown,2
Sherwood,2
Shirley,2
Santa Cruz,2
Santa Barbara Ca 93103,2
Sanford,2
Sandpoint,2
Rutherford,2
Rye Brook,2
Safford,2
Sag Harbor,2
Saginaw,2
Saint Clair,2
Saint Cloud,2
Salado,2
San Bernardino,2
San Dimas,2
San Gabriel,2
San Juan Capisrano,2
San Luis Obispo,2
San Marino,2
San Martin,2
San Pablo,2
San Pedro,2
Shoreine,2
Shrewsbury,2
Texas,2
Poway,2
Statesville,2
Stephens City,2
Stockton,2
Strongsville,2
Studio City,2
Sudbury,2
Sugar Grove,2
Summersville,2
Susanville,2
Sicklerville,2
Swansboro,2
Sylvania,2
Syracuse,2
Tacoma,2
Takoma Park,2
Tarzana,2
Tenafly,2
Tewksbury,2
St. Petersburg,2
St. James City,2
St George,2
Springfield Township,2
Simi Valley,2
Sioux Falls,2
Slc,2
Soddy Daisy,2
Somers,2
Somersworth,2
Somonauk,2
South Beloit,2
South Bend,2
Southfield,2
Southlake,2
Southold,2
Southport,2
Spokane Valley,2
Spring,2
Spring Lake,2
Springfield Gardens,2
Sun City West,2
Madison Hgts.,2
Poulsbo,2
Ephrata,2
Edina,2
Eighty Four,2
El Sobrante,2
Elizabeth,2
Elk Grove,2
Elkins,2
Elkton,2
Ellensburg,2
Ellerslie,2
Ellington,2
Elm Grove,2
Elmhurst,2
Emerald Hills,2
Erie,2
Eastpointe,2
Estes Park,2
Evans,2
Evesham,2
Exton,2
Fairfax Station,2
Fairmont,2
Fallbrook,2
Far Rockaway,2
Fargo,2
Farmers Branch,2
Ferndale,2
Findlay,2
Fiskdale,2
Eau Claire,2
East Rockaway,2
Porter,2
Derwood,2
Coventry,2
Covina,2
Crescent City,2
Croton On Hudson,2
Cutler Bay,2
Dalton,2
Daniel Island,2
Danville,2
Darien,2
Davenport,2
Dayville,2
Deland,2
Denton,2
Des Moines,2
East Longmeadow,2
Detroit,2
Dickson,2
Dixon,2
Dobbs Ferry,2
Douglassville,2
Douglaston,2
Draper,2
Duluth,2
Dumont,2
E Patchogue,2
Eagan,2
East Falmouth,2
East Hartford,2
Fitchburg,2
Flint,2
Florence,2
Hammondsport,2
Green Brook,2
Green Cove Springs,2
Greenbrae,2
Greenvale,2
Greenwich,2
Guilford,2
Gulf Breeze,2
Gurnee,2
Guthrie,2
Hadley,2
Haiku,2
Halfmoon,2
Hallandale Beach,2
Hanson,2
Flossmoor,2
Harker Heights,2
Harker Hts,2
Harrison Township,2
Hartford,2
Hartville,2
Harvest,2
Hatteras,2
Havelock,2
Hazlet,2
Helen,2
Henryville,2
Hewitt,2
Hewlett,2
Grapevine,2
Granger,2
Grand Ledge,2
Granada Hills,2
Flower Mound,2
Fly Creek,2
Fords,2
Forest Grove,2
Forest Lake,2
Forreston,2
Fort Mill,2
Fort Salonga,2
Fowler,2
Frankfort,2
Franklin Square,2
Friday Harbor,2
Front Royal,2
Galena,2
Galesburg,2
Galion,2
Galt,2
Gardena,2
Gastonia,2
Geneva,2
Glen Allen,2
Gloversville,2
Glyndon,2
Gold Canyon,2
Gonzales,2
Goode,2
Grafton,2
Cottage Grove,2
Costa Mesa,2
Cosmopolis,2
Bethel Park,2
Bandera,2
Barberton,2
Barrington,2
Bartlesville,2
Bastrop,2
Bayfield,2
Beaver Meadows,2
Beavercreek,2
Belchertown,2
Bellmore,2
Benton,2
Berea,2
Berkley,2
Bethesda,2
Brea,2
Bethlehem,2
Biltmore Lake,2
Bismarck,2
Blacksburg,2
Blackwood,2
Blairstown,2
Block Island,2
Blue Ash,2
Boise,2
Boonsboro,2
Bossier City,2
Bountiful,2
Bow,2
Bancroft,2
Baden,2
Averill Park,2
Augusta,2
Agoura Hills,2
Aiea,2
Akron,2
Aldan,2
Allen Park,2
Allentown,2
Allison Park,2
Altoona,2
Amarillo,2
American Canyon,2
Angelus Oaks,2
Angier,2
Ankeny,2
Ann Arbor,2
Annandale,2
Annville,2
Antelope,2
Apache Junction,2
Apex,2
Apollo,2
Apple Valley,2
Arcadia,2
Arden,2
Argyle,2
Armada,2
Aspen,2
Atlantic Beach,2
Bowie,2
Brick,2
Corvallis,2
Clinton Township,2
Cedar Rapids,2
Centerport,2
Ceresco,2
Chagrin Falls,2
Channahon,2
Charlton,2
Chatham,2
Chelsea,2
Cheyenne,2
Chicago Ridge,2
Clarksville,2
Clearwater,2
Cliffside Park,2
Cobleskill,2
Brick Township,2
Cochran,2
Cocoa Beach,2
Cody,2
Colfax,2
College Corner,2
Colton,2
Columbia Crossroads,2
Coopersburg,2
Coopersville,2
Copperton,2
Cord,2
Corona,2
Cortland,2
Cedar Grove,2
Cañon City,2
Cathlamet,2
Cassopolis,2
Broksville,2
Brookfield,2
Broussard,2
Brule,2
Bryn Mawr,2
Buena Vista,2
Burleson,2
Burton,2
C110 #142,2
Ca Goleta,2
Cabool,2
Caldwell,2
Camano Island,2
Cambria,2
Camden Wyoming,2
Candler,2
Canoga Park,2
Canonsburg,2
Canyon Country,2
Canyon Lake,2
Cape Coral,2
Cape Neddick,2
Cardiff,2
Carmel,2
Carmichael,2
Carnation,2
Carnegie,2
Hidden Hills,2
High Point,2
Highland Lakes,2
New Oxford,2
Nanuet,2
Nashua,2
Nazareth,2
Needville,2
Neptune,2
New Berlin,2
New Carrollton,2
New City,2
New Hope,2
New Hudson,2
New Jersey,2
New Kensington,2
New Lenox,2
New Port Richey,2
Nampa,2
New Salisbury,2
Newberg,2
Newfane,2
Newton Centre,2
Newtown,2
Nolensville,2
North Berwick,2
North Haledon,2
North Hills,2
North Hollywood,2
North Liberty,2
North Port,2
North Richland Hills,2
Nanticoke,2
Nahant,2
Menomonie,2
Monclova,2
Merced,2
Merrimack,2
Miamisburg,2
Middleton,2
Midland,2
Milltown,2
Millville,2
Milpitas,2
Minneaolis,2
Minnetonka,2
Minoa,2
Modesto,2
Moncks Corner,2
Monmouth Junction,2
Murphy,2
Montesano,2
Montgomery Village,2
Montville,2
Moodus,2
Morgantown,2
Morristown,2
Morton,2
Mount Hood Parkdale,2
Mount Pleasant,2
Mt. Arlington,2
Mt. Pleasant,2
Mulliken,2
Murfreesboro,2
North Royalton,2
North Tonawanda,2
North Windham,2
Pettigrew,2
Parkville,2
Passaic,2
Pataskala,2
Paulden,2
Peachtree City,2
Pebble Beach,2
Peconic,2
Peosta,2
Pepperell,2
Perry,2
Peru,2
Petaluma,2
Peterborough,2
Pewaukee,2
Northampton,2
Phila,2
Pine Bush,2
Pinecrest,2
Pittsboro,2
Pittsburg,2
Pittston,2
Plainsboro,2
Plainville,2
Pliver,2
Plymouth,2
Pomona,2
Port Murray,2
Port Orange,2
Park Ridge,2
Paramus,2
Palos Heights,2
Palm Desert,2
Northborough,2
Northglenn,2
Norwell,2
Nutley,2
Nyc,2
Oak Brook,2
Oak Forest,2
Oak Park,2
Oakdale,2
Oakland Gardens,2
Oceanport,2
Ocoee,2
Okmulgee,2
Olalla,2
Old Hickory,2
Oregon City,2
Osage Beach,2
Oviedo,2
Owatonna,2
Owings Mills,2
Oxford,2
Paducah,2
Painesville,2
Painted Post,2
Palatine,2
Palm Beach,2
Palm City,2
Mentor,2
Medway,2
Highland Mills,2
Kyle,2
Kenosha,2
Kernersville,2
Kerrville,2
Keswick,2
Kew Gardens,2
Kildeer,2
King George,2
Kingwood,2
Kirkland,2
Klamath Falls,2
Kneeland,2
Knoxville,2
Kouts,2
La Canada Flintridge,2
Kearny,2
La Puente,2
La Quinta,2
Lafayette,2
Lagrange,2
Lake Balboa,2
Lake Jackson,2
Lake Placid,2
Lake Worth,2
Land O' Lakes,2
Lapeer,2
Laporte,2
Laramie,2
Laredo,2
Keeseville,2
Kapolei,2
Medical Lake,2
Hope,2
Hillsborough,2
Hillsville,2
Hilo,2
Hingham,2
Hockessin,2
Holden,2
Holliston,2
Holmes,2
Holtville,2
Holyoke,2
Homer Glen,2
Honeoye Falls,2
Hoover,2
Hopewell Jct,2
Kansas City,2
Houma,2
House Springs,2
Hudsonville,2
Huntingdon Valley,2
Ijamsville,2
Indian Creek Village,2
Indian Rocks Beach,2
Indian Trail,2
Iowa City,2
Irondequoit,2
Jamaica Plain,2
Joppa,2
Kailua Kona,2
Largo,2
Laurel,2
Layton,2
Mannford,2
Lutz,2
Lyerly,2
Lynchburg,2
Lynn,2
Lynn Haven,2
Madison Heights,2
Mahwah,2
Malden,2
Manalapan,2
Mandeville,2
Manhattan Beach,2
Manistee,2
Mankato,2
Maple Plain,2
Leander,2
Marlborough,2
Maryville,2
Mason City,2
Massapequa,2
Mattapan,2
Mattapoisett,2
Matthews,2
Mauldin,2
Maumelle,2
Mcdonald,2
Mcgregor,2
Mckean,2
Media,2
Low Point,2
Zephyrhills,2
Loudonville,2
Loudon,2
Leesport,2
Leicester,2
Lenexa,2
Leominster,2
Leonardo,2
Leonia,2
Levittown,2
Liberty Hill,2
Liberty Lake,2
Lilburn,2
Lincoln Park,2
Lithia,2
Lithia Springs,2
Lititz,2
Little Neck,2
Little Rock,2
Liverpool,2
Lockport,2
Locust,2
Logan,2
Lombard,2
Lompoc,2
Lone Tree,2
Long Branch,2
Long Island City,2
Longboat Key,2
Lorain,2
East Walpole,1
